1;IDOSO;Pedro Carlos;pedrocarlos@email.com;$2a$12$Myv97nCD.iX8SLxWHDA4jOhc2eTErTnNolgbkMiYU6NQFZj5FHSIu
2;IDOSO;Maria das Graças;mariadasgracas@email.com;$2a$12$PHY6I9xllZv5BxC6tkX5DO0EOO.U6T.ia7wLfXG9LYjzpjprQ54QG
3;IDOSO;José Antônio;joseantonio@email.com;$2a$12$38YWQkaadeuSG1n2xII58OSheB1rBdLNclR.YfpdBTx6JZGUQ4WF6
4;IDOSO;Antônia Ferreira;antoniaferreira@email.com;$2a$12$em0Xzu2M7TQuOHsRcSOzg.kl6q6KTv2jdp1TKmY/Zf0EdAvqzVdlW
5;IDOSO;Francisco Alves;franciscoalves@email.com;$2a$12$oriaEW/wdaBFCVfeid0U4.VJ9rXn1aAVD2q6h31WJKYC5axfdLqWK
6;FAMILIAR;Marcos Henrique;marcos@email.com;$2a$12$2AP.r5MIu.NRshyqHHh/ZeHXT7t01bTOsBC5ChK7uBREVzVDjwXDa
7;FAMILIAR;Carlos Souza;carlos@email.com;$2a$12$k5qigfooLtwFBxJg2ZirIO.p6X0vE4kVIio8nH0nvg.vTal29tNty
8;FAMILIAR;Juliana Lima;julianalima@email.com;$2a$12$UDwWafMN5GVB2Ilfh49i2OpaHZi0XiYzfwsrVkYLo4I0PGQ.fZgfC
9;FAMILIAR;Renata Costa;renatacosta@email.com;$2a$12$/1ITzcTONRsiBeRszI/h1Oe1yx3PBhf9RU2pY7NFhCcK7S8pMFIa2
10;FAMILIAR;Bruno Martins;brunomartins@email.com;$2a$12$HyEbeI8U86BoZUtgA2eq.uKBr/nTpViO.yCMAvs20IYoZ.c0XcbPi
11;FAMILIAR;Fernanda Rocha;fernandarocha@email.com;$2a$12$CbfbNsgKZxMaw5vF5HwyzewORW.YK5trxYB0cya.FG9trHF6qWXvy
12;FAMILIAR;Ricardo Dias;ricardodias@email.com;$2a$12$KC8pyCPCxcb/.VvYWn7iSeFhA8gSxHknaK6ueSBwVrFVluboggV/G
13;FAMILIAR;Camila Pereira;camilapereira@email.com;$2a$12$kwOy6H453O8VyF6A9KkEZec7UQUyd9ISe.3J6ZoAqpb5EnE7/Gffy
14;FAMILIAR;Fernanda Rocha;fernandarocha@email.com;$2a$12$fmn3twVNLWDSLamKDK9W9O/nK5uNdsAZfUoPCXZkm01j5F3Xwh4m6
15;FAMILIAR;Ricardo Dias;ricardodias@email.com;$2a$12$ZOp9B4EZOCMy36RCj/RJoOjMyDJsqH5aGBu1L5xrqRKDdBM3CgU0K
16;FAMILIAR;Camila Pereira;camilapereira@email.com;$2a$12$1BcBmUBJh9fIQdoF2wM2H.4wdR1hGRs73oUcUsgVN31g92PBbKm8u
