1;IDOSO;Maria Silva;maria@email.com;123456
2;FAMILIAR;Ana Silva;ana@email.com;abc123
3;FAMILIAR;Carlos Souza;carlos@email.com;senha123
4;IDOSO;Maria Silva;maria@email.com;123456
5;FAMILIAR;Ana Silva;ana@email.com;abc123
6;FAMILIAR;Carlos Souza;carlos@email.com;senha123
7;IDOSO;Pedro Carlos;pedrocarlos@email.com;432156
8;FAMILIAR;Marcos Henrrique;marcos@email.com;34b56gf
9;FAMILIAR;Carlos Souza;carlos@email.com;senha123
10;IDOSO;Pedro Carlos;pedrocarlos@email.com;432156
11;FAMILIAR;Marcos Henrrique;marcos@email.com;34b56gf
12;FAMILIAR;Carlos Souza;carlos@email.com;senha123
13;IDOSO;Pedro Carlos;pedrocarlos@email.com;432156
14;FAMILIAR;Marcos Henrrique;marcos@email.com;34b56gf
15;FAMILIAR;Carlos Souza;carlos@email.com;senha123
16;IDOSO;Pedro Carlos;pedrocarlos@email.com;432156
17;FAMILIAR;Marcos Henrrique;marcos@email.com;34b56gf
18;FAMILIAR;Carlos Souza;carlos@email.com;senha123
19;IDOSO;Pedro Carlos;pedrocarlos@email.com;432156
20;FAMILIAR;Marcos Henrrique;marcos@email.com;34b56gf
21;FAMILIAR;Carlos Souza;carlos@email.com;senha123
22;IDOSO;Pedro Carlos;pedrocarlos@email.com;432156
23;FAMILIAR;Marcos Henrrique;marcos@email.com;34b56gf
24;FAMILIAR;Carlos Souza;carlos@email.com;senha123
25;IDOSO;Pedro Carlos;pedrocarlos@email.com;432156
26;FAMILIAR;Marcos Henrrique;marcos@email.com;34b56gf
27;FAMILIAR;Carlos Souza;carlos@email.com;senha123
28;IDOSO;Pedro Carlos;pedrocarlos@email.com;432156
29;FAMILIAR;Marcos Henrrique;marcos@email.com;34b56gf
30;FAMILIAR;Carlos Souza;carlos@email.com;senha123
31;IDOSO;Pedro Carlos;pedrocarlos@email.com;432156
32;FAMILIAR;Marcos Henrrique;marcos@email.com;34b56gf
33;FAMILIAR;Carlos Souza;carlos@email.com;senha123
34;IDOSO;Pedro Carlos;pedrocarlos@email.com;432156
35;FAMILIAR;Marcos Henrrique;marcos@email.com;34b56gf
36;FAMILIAR;Carlos Souza;carlos@email.com;senha123
37;IDOSO;Pedro Carlos;pedrocarlos@email.com;432156
38;FAMILIAR;Marcos Henrrique;marcos@email.com;34b56gf
39;FAMILIAR;Carlos Souza;carlos@email.com;senha123
40;IDOSO;Pedro Carlos;pedrocarlos@email.com;432156
41;FAMILIAR;Marcos Henrrique;marcos@email.com;34b56gf
42;FAMILIAR;Carlos Souza;carlos@email.com;senha123
